comment_id,content_id,platform,content,created_at,score,author,source_name,crawl_time
mu62pnl,1kuyg5c,reddit,Awesome song.,2025-05-25T13:29:28Z,2,broc944,music,2025-05-26T07:06:25.548780Z
mu3p3ov,1kuqojk,reddit,"“I had a dream in which my mother, who had died 10 years previously, came to me and reassured me, saying, ‘It’s going to be okay. Just let it be.’”


*Let It Be*


**The Beatles**",2025-05-25T01:28:47Z,20,WaltzingBosun,music,2025-05-26T07:06:26.844238Z
mu42ppa,1kuqojk,reddit,"The Show Must Go On by Queen

AIDS was taking a toll on Freddie Mercury when this song was written.  Brian May sat him down and told him he could sing lead vocals himself if Freddy wasn’t up to it.  Freddy did a shot of vodka, said “I’ll fucking do it, darling”, and nailed the song in one take.",2025-05-25T03:00:35Z,11,Patworx,music,2025-05-26T07:06:26.844248Z
mu3n6oh,1kuqojk,reddit,The entire album De-Loused in the Comatorium by  The Mars Volta,2025-05-25T01:16:09Z,8,Upbeat-Army-6264,music,2025-05-26T07:06:26.844255Z
mu3ze55,1kuqojk,reddit,A bunch of Tragically Hip songs.,2025-05-25T02:37:16Z,7,DokterZ,music,2025-05-26T07:06:26.844261Z
mu4281m,1kuqojk,reddit,"Not quite enjoyed more, but gave the song a rather darker, deeper meaning. I still love the song, but it went from somewhat whimsical and happy to... well, depressing.

The Way - Fastball

It just sounds like this kinda magical adventure... it was based on a story about an elderly couple who went missing on their way to a festival. One was developing dementia while the other had recently had brain surgery. They just up and disappeared. The singer found it intriguing and was inspired to write the song.

  
The couple was found dead in their car at the bottom of a cliff 100s of miles away from their destination. Chilling.",2025-05-25T02:57:00Z,7,Waffuru,music,2025-05-26T07:06:26.844268Z
mu43hqf,1kuqojk,reddit,"""Alive"" by Pearl Jam. The way the audiences changed the meaning. Originally it was ""I'm still alive"" in the sense that being alive is hard, or a punishment, based on the trauma. But the audiences were singing it in the sense that still being alive was a triumph over the trauma.

The audience re-interpreted the song for the writer.",2025-05-25T03:06:18Z,9,urbanek2525,music,2025-05-26T07:06:26.844274Z
mu46kkr,1kuqojk,reddit,"Gimme Shelter. Hearing the story of Merry Clayton being hired in the dead of night to record arguably the greatest performance by a background vocalist. Mick Jagger can be heard exclaiming ,'yeah!' when she wails, 'Raaaaape... MURDAAAA ITS JUST A SHOT AWAY'.. 'She was 8 months pregnant at the time, and lost the child soon after the recording. The song is still amazing",2025-05-25T03:29:31Z,6,tequilasundae,music,2025-05-26T07:06:26.844280Z
mu3rou2,1kuqojk,reddit,"Jethro Tull, Thick as A Brick - a whole album made to satirise 70's prog rock that has ended up as one of the best prog albums of the era, on many lists of the best of the era. I always wonder whether that gave them the shits?",2025-05-25T01:45:38Z,6,oscarish,music,2025-05-26T07:06:26.844286Z
mu41q63,1kuqojk,reddit,"Come Dancing by The Kinks.  In the song he sings about watching his sister go on dates with guys to go dancing and then they tore down the place she would go and she was devasted.  

In real life, she died years ago and this was a tribute.",2025-05-25T02:53:26Z,6,DiaDeLosMuebles,music,2025-05-26T07:06:26.844292Z
mu3r3k4,1kuqojk,reddit,"""Skinned"" by blind melon",2025-05-25T01:41:49Z,5,Gingerchaun,music,2025-05-26T07:06:26.844298Z
mu3u127,1kuqojk,reddit,"Limousine - Brand New 


https://trafficsafety.ny.gov/drinking-and-driving-shatters-lives-0[https://trafficsafety.ny.gov/drinking-and-driving-shatters-lives-0](https://trafficsafety.ny.gov/drinking-and-driving-shatters-lives-0)


""This song is about the death of 7-year old Katie Flynn. Hours before her death, Katie was the flower girl at her aunt’s wedding, spreading petals down the aisle. As they left the wedding, they all got into a limousine and headed home. Martin Heidgen, 25, had had at least 14 drinks that night and his blood alcohol content (0.28) was more than three times the legal limit in New York (0.08). He drove more than two miles north in the southbound lane containing the Flynn family. Both the driver of the limousine, Stanley Rabinowitz, and Katie were killed instantly. Katie was decapitated and her mother held her head as rescue workers helped the rest of the family out of the vehicle",2025-05-25T02:01:04Z,6,Alarming-Archer1657,music,2025-05-26T07:06:26.844304Z
mu3xo6u,1kuqojk,reddit,"One Tree Hill by U2

Tribute to their roadie who died.",2025-05-25T02:25:48Z,4,sum_dude44,music,2025-05-26T07:06:26.844310Z
mu3splq,1kuqojk,reddit,Put The Coke On My Dick by Ween,2025-05-25T01:52:18Z,3,Nizamark,music,2025-05-26T07:06:26.844316Z
mu3vv0l,1kuqojk,reddit,"Joy division - disorder 
""Could these sensations make me feel the pleasures of a normal man?"" 

""Lights are flashing, cars are crashing
Getting frequent now"" 


Ian Curtis suffered from epilepsy which was one of the contributing factors behind his suicide. As a fellow epileptic hearing his story changed this songs meaning and became so much more personal. 

https://youtu.be/gNLW_SCCEL0?si=J1xRoC6m7L3sNQy-

https://www.psychologytoday.com/us/blog/brain-bulletin/202101/epilepsy-and-depression-learning-the-ian-curtis-story",2025-05-25T02:13:29Z,3,mojeaux_j,music,2025-05-26T07:06:26.844322Z
mu3zkmk,1kuqojk,reddit,"ZZ Top’s Legs:

https://theonion.com/zz-top-reveals-meaning-behind-classic-song-legs-1819577979/",2025-05-25T02:38:29Z,3,chealey21,music,2025-05-26T07:06:26.844328Z
mu5jr9n,1kuqojk,reddit,"Old Silver Radney Foster. 

His grandma loved his grandpa too much and when she died it broke her. And she abandonded Radney. Something like that.",2025-05-25T11:12:58Z,3,grassgravel,music,2025-05-26T07:06:26.844334Z
mu6gx2g,1kuqojk,reddit,"All of my Love - Led Zeppelin 

No one should have to bury their child.  Especially one so young.",2025-05-25T14:48:07Z,3,InfamousVehicle8197,music,2025-05-26T07:06:26.844340Z
mu6i4et,1kuqojk,reddit,"I always liked “Hey Jealousy” by the Gin Blossoms, but it becomes particularly poignant when you consider that Doug Hopkins wrote it at the beginning of the personal slide that would lead to his suicide.",2025-05-25T14:54:21Z,3,TriTri14,music,2025-05-26T07:06:26.844350Z
mu3pjew,1kuqojk,reddit,Girl So Confusing by Charli XCX and Lorde,2025-05-25T01:31:40Z,2,Good-Elephant-8333,music,2025-05-26T07:06:26.844361Z
mu3q2u3,1kuqojk,reddit,"Carleton Stone - “Ice Age”
Hooked me the second I heard the story.",2025-05-25T01:35:12Z,2,Defiant-Worker-7699,music,2025-05-26T07:06:26.844370Z
mu3r0lj,1kuqojk,reddit,"This is a good post. I would think it’d have a lot of intriguing answers. I always like the backstory to a tune. It does promote more listening, for certain. 

I watched a documentary recently and the lyrics from Tiny Dancer come to mind. I’d have to go back, but it was something at the time. I’m sure ones into E.J. already know, but a true story of how a song, album, or band coalesce tend to bring insight, producing a connection to hear what was learned in a sense.",2025-05-25T01:41:17Z,2,Diene03,music,2025-05-26T07:06:26.844378Z
mu3xtzq,1kuqojk,reddit,"I already appreciated Marquee Moon by Television, but learning that this complex, 10 minute epic was recorded live in one take brings it to another level.",2025-05-25T02:26:53Z,2,sibtiger,music,2025-05-26T07:06:26.844387Z
mu4blll,1kuqojk,reddit,"I'm not in love - 10cc

[https://www.smoothradio.com/features/the-story-of/10cc-im-not-in-love-meaning-lyrics-video/](https://www.smoothradio.com/features/the-story-of/10cc-im-not-in-love-meaning-lyrics-video/)

Stewart spent three weeks recording Gouldman, Godley and Creme singing ""ahhh"" 16 times for each note of the chromatic scale, creating a 'choir' of 48 voices for each note.",2025-05-25T04:08:51Z,2,twirleygirl,music,2025-05-26T07:06:26.844398Z
mu4cw42,1kuqojk,reddit,Tears in Heaven by Eric Clapton 😭😭,2025-05-25T04:19:20Z,2,Upbeat-Army-6264,music,2025-05-26T07:06:26.844407Z
mu4d95z,1kuqojk,reddit,"""I have seen where the wolf has slept by the silver stream...""

John Perry Barlow writing simultaneously about baby girl Cassidy, Barlow's complex and difficult relationship with his father, and the death of Neal Cassady. Close the gap of the dark years in between... you and me... *Cassidy!*",2025-05-25T04:22:20Z,2,-Nyarlabrotep-,music,2025-05-26T07:06:26.844416Z
mu4q3vj,1kuqojk,reddit,Swedish house Mafia don't you worry child,2025-05-25T06:18:01Z,2,superniggy23,music,2025-05-26T07:06:26.844426Z
mu4vcvt,1kuqojk,reddit,"Kid Charlemagne

Bear is one of the most interesting people to ever have lived.",2025-05-25T07:09:45Z,2,Heuwender,music,2025-05-26T07:06:26.844435Z
mu4zv20,1kuqojk,reddit,"Baby, by Donnie and Joe Emerson.

Not the story of the song, but of the band (two brothers) and the making of the album.",2025-05-25T07:54:46Z,2,ninviteddipshit,music,2025-05-26T07:06:26.844444Z
mu5asq5,1kuqojk,reddit,"Sgt Pepper's Musical Revolution with Howard Goodall  https://m.youtube.com/watch?v=QqzBPsD3u2s  
Beatles were very great, just how so much of it was based on lost childhood they were trying to capture",2025-05-25T09:47:38Z,2,VanishingPint,music,2025-05-26T07:06:26.844454Z
mu5bttu,1kuqojk,reddit,"What a Catch, Donnie by Fall Out Boy.

The lyricist/bassist Pete wrote it as a promise to the singer Patrick to never kill himself",2025-05-25T09:57:59Z,2,LCcoolcraft,music,2025-05-26T07:06:26.844465Z
mu6ml4s,1kuqojk,reddit,Jeremy - Pearl Jam,2025-05-25T15:17:26Z,2,No_Week_8106,music,2025-05-26T07:06:26.844476Z
mu7ztvz,1kuqojk,reddit,"Put Your Lights On by Santana and Everlast

Everlast was in hospital with major hart issues. A nurse that worked with him helped him through hard times by staying bedside and motivating him. 

He also realized he could hear his pacemaker when it was first put in but he wasn't quite sure what the nose was when he first woke up from surgery. So he wrote the lyric 'Cause there's a monster livin' under my bed. Whisperin' in my ear""

The he wrote the lyric ""There’s an angel with her hand on my head She say, ”I got nothin’ to fear"" because when he went back to the hospital to thank her it turns out no one with her description worked there. 

He told this to Joe Rogan about 12 years ago or so so I may have some details wrong.",2025-05-25T19:26:14Z,2,lovesmyirish,music,2025-05-26T07:06:26.844482Z
muaekad,1kuqojk,reddit,"Actor Observer's ""Fool's Gold""

The music video starts off with a wonderful speech from vocalist Greg Marquis

""Every year it gets harder and harder to stay, We've lost music venues, rehearsal spaces, friends, homes, to rising costs of living and lack of community support. And while it's amazing that all of you are here right now, please remember there are countless local venues and local businesses where you can see some of the most underrated, amazing talent around for the same price as that beer that you're drinking right now. Don't let this weekend be the only time you show up for your local music scene.""

As someone who grew up in Massachusetts, went to my first concerts in the city of Boston, and met many great friends thru the local music scene here, it makes that song mean everything.",2025-05-26T04:13:05Z,2,C3_KiLE,music,2025-05-26T07:06:26.844488Z
mu3sh57,1kuqojk,reddit,Oh shoot! I’ll have to listen and read this! Thank you!,2025-05-25T01:50:46Z,1,LeeRoyJenkins2313,music,2025-05-26T07:06:26.844495Z
mu3orve,1kuqojk,reddit,Catholic School Girls Rule - Red Hot Chili Peppers,2025-05-25T01:26:35Z,1,Spirit6478,music,2025-05-26T07:06:26.844501Z
mtw9rqf,1ktrvm0,reddit,Love it ❤️,2025-05-23T20:13:32Z,2,Mostafa_zareii,music,2025-05-26T07:06:27.703346Z
mtwog9g,1ktrvm0,reddit,Prefer the live at Carnegie Hall version but yeah this is one of his best.,2025-05-23T21:29:26Z,2,championkid,music,2025-05-26T07:06:27.703357Z
mtwz9mr,1ktrvm0,reddit,Watch House(formerly Mandolin Orange) did a great cover of this song as a duet.,2025-05-23T22:30:40Z,2,Legitimate_Error_550,music,2025-05-26T07:06:27.703365Z
mtqze60,1kt5oos,reddit,Jan Terry is a fucking legend.,2025-05-23T00:03:37Z,6,Matt_Benatar,music,2025-05-26T07:06:29.543591Z
mtr8jnu,1kt5oos,reddit,"Jan Terri’s Ave Maria is a work of art … on so many levels

https://youtu.be/NX5xIRUcPyI?si=LLBun6nhKxgMvIaZ",2025-05-23T00:58:38Z,3,emptycagenowcorroded,music,2025-05-26T07:06:29.543602Z
mtrum55,1kt5oos,reddit,He's a rebel because he parked his motorcycle under the No Parking sign.,2025-05-23T03:14:05Z,3,alanz01,music,2025-05-26T07:06:29.543610Z
mtryyd2,1kt5oos,reddit,"I used to work as an assistant editor downtown Chicago in the 2000s, right out of college. Tapes of Jan Terri’s music videos had been floating around ad agencies and post houses for years. She was a limo driver in Chicago and met a lot of people in the industry who she’d share her work with. She was a meme well before memes were even a thing.

My favorite of hers will always be [Get Down Goblin](https://youtu.be/PoD9gVdeIS4?si=nood83OCDo9m00Cd).",2025-05-23T03:44:18Z,3,baccus83,music,2025-05-26T07:06:29.543618Z
mtrf8ka,1kt5oos,reddit,Jan rocks.,2025-05-23T01:38:53Z,2,dasuglystik,music,2025-05-26T07:06:29.543625Z
mtrhnlu,1kt5oos,reddit,Total fuckin' earworm though. ,2025-05-23T01:53:08Z,2,USACoolBoy,music,2025-05-26T07:06:29.543632Z
mtrjkv3,1kt5oos,reddit,HaRdest working woman in music.,2025-05-23T02:04:38Z,2,Eroom2013,music,2025-05-26T07:06:29.543640Z
mts9doj,1kt5oos,reddit,Yay!!! Jan Terri love on Reddit!,2025-05-23T05:04:35Z,2,Organic_Cress_2696,music,2025-05-26T07:06:29.543647Z
mtsfqph,1kt5oos,reddit,"Oh I know this! It's one of the first search results for [""worst music video ever""](https://www.youtube.com/results?search_query=worst+music+video+ever)",2025-05-23T05:59:13Z,2,MusikMeister,music,2025-05-26T07:06:29.543654Z
mtwoakz,1kt5oos,reddit,Lake Michigan looks almost a tropical pale blue but I’m worried about that big pipe  going into the water behind her.,2025-05-23T21:28:35Z,1,harlotstoast,music,2025-05-26T07:06:29.543661Z
mtni48b,1ksqonc,reddit,This brings back memories of slow dancing with my crush.,2025-05-22T13:32:47Z,2,Settlers3GGDaughter,music,2025-05-26T07:06:30.576807Z
mt760ls,1kqmou6,reddit,Excellent song from their classic debut album! 🥇,2025-05-19T22:13:10Z,3,theweightofdreams8,music,2025-05-26T07:06:32.410216Z
mt78qp1,1kqmou6,reddit,I used to sing this ti my baby as a lullaby.  ,2025-05-19T22:29:02Z,2,MoonageDayscream,music,2025-05-26T07:06:32.410229Z
msygh61,1kp9r4q,reddit,You need to go dig into all the documentaries on Brian Wilson now.,2025-05-18T14:11:48Z,2,bloomsday289,music,2025-05-26T07:06:33.251071Z
msipi2n,1kniy41,reddit,I thought that was Hila Klein for a hot second,2025-05-15T21:19:24Z,1,Sputter_Butt,music,2025-05-26T07:06:34.253108Z
mrd7ivr,1ki7pt3,reddit,https://preview.redd.it/4izcw03zloze1.jpeg?width=567&format=pjpg&auto=webp&s=2ba9363a39cccfd5f2da042d5b26490cee85b6c7,2025-05-09T04:12:14Z,3,Bob_Spud,music,2025-05-26T07:06:36.070746Z
mre4o1l,1ki7pt3,reddit,I used this in a script I wrote. Fancy seeing it again.,2025-05-09T09:33:33Z,2,Hairy_Lead2808,music,2025-05-26T07:06:36.070759Z
msxw2i7,1kgoz25,reddit,"It's so good, I just keep listening to it. 

Fiona Apple is a gem.",2025-05-18T11:56:11Z,1,TheLadyEve,music,2025-05-26T07:06:37.030587Z
mql3ufy,1keqvzb,reddit,"Try something like 'Word at CBGB's' or Word plays at the Mudd Club"".  or any of the other NYC/northern Jersey clubs that you know they played.",2025-05-04T19:27:59Z,12,Free-Isopod-4788,music,2025-05-26T07:06:39.273490Z
mql9yjt,1keqvzb,reddit,"I get it.  In the early days of Google, I had trouble finding things related to The Band.",2025-05-04T20:00:27Z,12,atreides78723,music,2025-05-26T07:06:39.273509Z
mqnnq93,1keqvzb,reddit,"Similarly, if can be hard to find ""The The"" and ""And One.""",2025-05-05T04:36:23Z,2,EvLokadottr,music,2025-05-26T07:06:39.273522Z
mqlkdmi,1keqvzb,reddit,"Well I just looked at all the bands called 'Word' on Discogs and they're not there, so guessing they never had a record out.",2025-05-04T20:54:29Z,3,elom44,music,2025-05-26T07:06:39.273530Z
mqltf7g,1keqvzb,reddit,The word alive?,2025-05-04T21:42:25Z,1,Better_Carpet_7271,music,2025-05-26T07:06:39.273538Z
mqn4j5d,1keqvzb,reddit,"I googled “the band word” and got a ton of links, videos, and their Wikipedia page.",2025-05-05T02:21:41Z,1,NatureTrailToHell3D,music,2025-05-26T07:06:39.273545Z
mqopo7n,1keqvzb,reddit,Here for the updates,2025-05-05T10:51:08Z,1,crasherdgrate,music,2025-05-26T07:06:39.273553Z
mqlmoq6,1keqvzb,reddit,I’m in nyc and never heard of them.,2025-05-04T21:06:34Z,1,QuirkyPop1607,music,2025-05-26T07:06:39.273561Z
mqbwaue,1kdm1yz,reddit,Tis a banger,2025-05-03T06:12:16Z,2,elizaeffect,music,2025-05-26T07:06:40.216333Z
mq2uleq,1kci7nt,reddit,"https://preview.redd.it/ue2x8ib7a8ye1.png?width=534&format=png&auto=webp&s=65013dc8d0873e726787ff7acee96c5cfb131320

Slightly off topic, but I just realized after many years that this is the band members faces. Sorry, I just had to share that. Carry on.",2025-05-01T20:14:26Z,27,portablebiscuit,music,2025-05-26T07:06:43.785031Z
mq2z8bz,1kci7nt,reddit,Copeland is an extremely underrated drummer. Canary in a Coal Mine is also their best song,2025-05-01T20:36:37Z,12,RedBaronSlacker,music,2025-05-26T07:06:43.785042Z
mq31ry8,1kci7nt,reddit,"I like all the Police, from So Lonely to Synchronicity. But I’ll note that when they got back together and toured, they performed all of the tracks as a three piece. A huge difference from the big band from their last tour. And I’m telling you it absolutely rocked. There’s a few tracks on YouTube from a tour promo they did.",2025-05-01T20:48:53Z,7,Phaedo,music,2025-05-26T07:06:43.785050Z
mq3edme,1kci7nt,reddit,"Excuse me, but Stewart Copeland is in no way underrated. He’s acknowledged as one of the GOAT’s by any drummer who’s ever heard him. Their synth use always took a back seat to the meat-and-potatoes of guitar/drums/bass/vocals. They were really the whole package in a way that only a very few bands have been.  The thing about them is every album is the best one. You listen to Regatta and it blows you away. Then you listen to Ghost and it blows you away more, and it just keeps going like that. Doesn’t matter what order you listen to them, each one is better than the one before. And THAT, folks is the true mark of greatness.",2025-05-01T21:53:16Z,7,rule419,music,2025-05-26T07:06:43.785057Z
mq2zghs,1kci7nt,reddit,"Personally, I think it's one of the best and most consistently good catalogs, from start to finish. The mix of genres, the creativity, their skill with their instruments (especially Stewart), was all so great together. Not sure if their music is great in spite of the tension with the band or because of it. There are a lot of bands that I love, but they all have songs I'll skip and even some albums I'm not in love with, but there's not a song I skip in their catalog. As an angsty kid, I always loved how negative all of their songs were, too. I love it.",2025-05-01T20:37:43Z,5,OkKey4344,music,2025-05-26T07:06:43.785064Z
mq38prc,1kci7nt,reddit,"While certainly in the studio recordings there is use of traditional keyboard synthesizers, The Police used some cutting edge (at the time) guitar and bass synths. Andy Summers used a Roland GR-300 guitar synth starting around the Zenyatta era and Sting would use a Moog Taurus bass pedal. 

Here’s a video of Andy demoing the GR-300 for Jools Holland:  

[Andy Summers GR-300 Guitar Synth with Jools Holland](https://youtu.be/3IeeZZj_HNs?si=CqtgYbIsfRHa5TSv)",2025-05-01T21:23:35Z,5,aroneox,music,2025-05-26T07:06:43.785071Z
mq3ajoo,1kci7nt,reddit,"They are a top-10 band for me.  Friends and I collected all the obscure releases, Klark Kent stuff, etc. in high school (early 80's).   I bought Message In A Box a few years back to have it all in one place.  I probably prefer the rawness of bass, guitar, drums, but some of the songwriting on Synchronicity is even better than the earlier albums.

Some of their more obscure tracks are my favorites, Masoko Tango, Deathwish, etc.",2025-05-01T21:33:06Z,4,jbcatl,music,2025-05-26T07:06:43.785078Z
mq2tjwd,1kci7nt,reddit,"Don't stand...don't stand...

They were great.",2025-05-01T20:09:28Z,3,57thStilgar,music,2025-05-26T07:06:43.785085Z
mq35lbh,1kci7nt,reddit,"Message in a Box was a great compilation of their albums, b-sides and some soundtrack songs from the film Brimstone and Treacle. Andy’s song “Friends” is a diabolical masterpiece that highlights the true Police sound with tight syncopation, pounding polyrhythms, fuzzed out bass, Sting’s multitrack harmonies and a jazz sensibility that is irresistible. Stewart’s Rumble Fish soundtrack as well as his early Klark Kent recordings serve as a great companion to the early Police stuff. Andy’s album with Robert Fripp I Advance Masked is also a real treat.",2025-05-01T21:07:32Z,3,Icy_Watercress4875,music,2025-05-26T07:06:43.785092Z
mq35mzh,1kci7nt,reddit,It’s fun to listen to them evolve from the first to the last album. Sting was such a force songwriting that it hey weren’t ever going to stay together as a group. Too much talent in one band.,2025-05-01T21:07:47Z,3,Particular_Milk1848,music,2025-05-26T07:06:43.785099Z
mq3uht8,1kci7nt,reddit,"I was an incredibly big fan of theirs at the time. I bought the Ghosts album on vinyl the day of its release. At first I was very surprised by the production and the mix. It was VERY different than the first three records. But I wasn't disappointed. I was ready for change, and loved this record as well, though not quite as much as the first three. ""Omega Man"" struck a chord with me since I was also 19 at the time ; ) Luckily i got to see them live touring Zenyatta, and then on the Ghosts tour. Loved every moment of both.",2025-05-01T23:23:44Z,3,rsvp_nj,music,2025-05-26T07:06:43.785106Z
mq3i94m,1kci7nt,reddit,My favourite little keyboard part is Sting’s mistake butt chord at the start of Roxanne that he laughs at,2025-05-01T22:14:27Z,2,conjectureandhearsay,music,2025-05-26T07:06:43.785117Z
mq441gi,1kci7nt,reddit,"There is a great Rick Beato Stewart Copeland interview, where Stewart talks about the synth on Syncronicity 1 and how it was based on a preset loop in a little Casio keyboard 

https://youtu.be/XIJkRhd1CTY?si=rX_E1uZqsjAK9-TM",2025-05-02T00:18:35Z,2,VeterinarianNo8824,music,2025-05-26T07:06:43.785124Z
mq4br3r,1kci7nt,reddit,"I think they were the closest band to the Beatles in terms of quality of songwriting and musical evolution. Synchronicity was an incredible album and I was lucky enough to se them on that tour. By  that time they had moved away from some of the synth heavy tracks to more of a stripped down trio format, which I really liked.",2025-05-02T01:04:44Z,2,lanky_planky,music,2025-05-26T07:06:43.785131Z
mq4yd8p,1kci7nt,reddit,They’re one of the most interesting rock bands of all time. Unique.,2025-05-02T03:24:01Z,2,Crazy_Response_9009,music,2025-05-26T07:06:43.785139Z
mq32xr5,1kci7nt,reddit,Ghost in the Machine and Zenyatta are GOAT. But Walking on the Moon is easily their best track. Has been a top 10 song for me since forever.,2025-05-01T20:54:27Z,1,PrimeSupreme,music,2025-05-26T07:06:43.785145Z
mq45n72,1kci7nt,reddit,without sting's ego this would have been one of the biggest bands ever,2025-05-02T00:28:12Z,1,attilla68,music,2025-05-26T07:06:43.785153Z
mpwleyv,1kbp25u,reddit,"The first number one ""rap"" song in the US.",2025-04-30T20:41:59Z,2,Truecoat,music,2025-05-26T07:06:44.699090Z
mps0hjr,1kb67j3,reddit,[Do the Evolution - Pearl Jam](https://youtu.be/aDaOgu2CQtI),2025-04-30T02:59:53Z,66,phunkyboss,music,2025-05-26T07:06:47.119582Z
mps6jfi,1kb67j3,reddit,Feel Good Inc - Gorillaz,2025-04-30T03:39:31Z,40,Boxofbikeparts,music,2025-05-26T07:06:47.119589Z
mpsclic,1kb67j3,reddit,Paranoid android by radiohead  has an incredible animated music video,2025-04-30T04:23:06Z,33,SilentBobbyy,music,2025-05-26T07:06:47.119594Z
mps096d,1kb67j3,reddit,Conjunction junction,2025-04-30T02:58:26Z,21,Delicious-Skill-617,music,2025-05-26T07:06:47.119598Z
mps0bro,1kb67j3,reddit,Go with the Flow - QOTSA,2025-04-30T02:58:53Z,21,Organic_Cress_2696,music,2025-05-26T07:06:47.119602Z
mps4bsk,1kb67j3,reddit,Running down a Dream . Tom Petty,2025-04-30T03:24:33Z,18,VeterinarianNo8824,music,2025-05-26T07:06:47.119605Z
mprzmnl,1kb67j3,reddit,Murmaider ha.,2025-04-30T02:54:31Z,17,Ace31413,music,2025-05-26T07:06:47.119609Z
mpsj1ys,1kb67j3,reddit,"Peter Gabriel - Sledgehammer
 https://youtu.be/OJWJE0x7T4Q?si=dR8ju_qWU2x6HAvg",2025-04-30T05:13:47Z,16,ethanfortune,music,2025-05-26T07:06:47.119613Z
mpsfbhc,1kb67j3,reddit,[istanbul (not constantinople)](https://youtu.be/IqJXxHi6RwQ?si=jYQn78nVeMhyvEfC),2025-04-30T04:43:57Z,15,Practical_Worker8631,music,2025-05-26T07:06:47.119617Z
mpt3ply,1kb67j3,reddit,Gojira - Another World,2025-04-30T08:36:36Z,10,JMeucci,music,2025-05-26T07:06:47.119622Z
mpsubao,1kb67j3,reddit,"Not cartoon but claymation... green jelly - 3 little pigs! 
I'm pretty sure there'd be some good primus videos too!!!",2025-04-30T06:57:33Z,10,icecoldbobsicle,music,2025-05-26T07:06:47.119625Z
mps2wrk,1kb67j3,reddit,Take on Me - Aha,2025-04-30T03:15:13Z,24,Mudder1310,music,2025-05-26T07:06:47.119629Z
mps1faa,1kb67j3,reddit,"[They Might Be Giants - Here Comes The ABCs](https://youtube.com/playlist?list=PLlA4rR6PZzi5MfkcKjFwabrqAayxgA5PW&si=wfXJ2uulmiS-69zK)

Also
[Here Comes Science](https://youtube.com/playlist?list=PLlA4rR6PZzi70EWR4A58izBqyh0ieMM4T&si=QThVDmOyhrGxshr9)  

[Here Comes The 123s](https://youtube.com/playlist?list=PLlA4rR6PZzi60cGMagvcVGRThkMHuvWxy&si=2bMnugGGhiVBjMPG)",2025-04-30T03:05:45Z,8,youdiejoe,music,2025-05-26T07:06:47.119633Z
mps3d6z,1kb67j3,reddit,A7X - A Little Piece of Heaven,2025-04-30T03:18:14Z,5,EmployOk5086,music,2025-05-26T07:06:47.119637Z
mpsaj80,1kb67j3,reddit,"Jeff Rosenstock - 9/10, DOUBT

PUP - Dark Days, DVP

Streetlight Manifesto - We Will Fall Together, Would You Be Impressed?

Cage the Elephant - Aberdeen

The Strokes - At The Door (def a rock band but the song is a bit uniquely less rock-y than most of their material, video is still great though)",2025-04-30T04:07:51Z,5,PraiseTheZ,music,2025-05-26T07:06:47.119641Z
mpt6y06,1kb67j3,reddit,Writing on the wall - Iron Maiden,2025-04-30T09:11:35Z,5,14Odin,music,2025-05-26T07:06:47.119644Z
mps1fb0,1kb67j3,reddit,"Linkin Park has a few anime style vids.

Also the Gorillaz",2025-04-30T03:05:45Z,5,InsideOutRat,music,2025-05-26T07:06:47.119650Z
mptj3pi,1kb67j3,reddit,Green jelly-Three little pigs,2025-04-30T11:07:10Z,4,cptdodger85,music,2025-05-26T07:06:47.119653Z
mps38t7,1kb67j3,reddit,"Daft Punk-One more time, Mathew Sweet -Girlfriend and if you really wanna piss people off 

https://youtu.be/QTqD7I3Dksw?si=oxsVVDolKaJJqDOf",2025-04-30T03:17:26Z,7,Traditional_Knee2753,music,2025-05-26T07:06:47.119657Z
mpsewjk,1kb67j3,reddit,"Pretty much anything from Psychedelic Porn Crumpets. Not strictly cartoon but they use many different styles of animation throughout their videos and the music is fun high energy garage/prog/psych rock.

EDIT: I just realized you said 14 months, not 14 years old. A lot of their videos contain simulated gore and violence so proceed with caution.",2025-04-30T04:40:43Z,3,kidAfromouterspace,music,2025-05-26T07:06:47.119661Z
mpsld4s,1kb67j3,reddit,"Junior senior - move your body. 
Dire straights - Money for nothing.",2025-04-30T05:33:48Z,3,lord_nubby,music,2025-05-26T07:06:47.119665Z
mpt5qet,1kb67j3,reddit,"Sing Along by Sturgil Simpson, from an album he had animated in Japan.  

Genius of Love by Tom Tom Club (a proto- Talking Heads) is bizarre fun.",2025-04-30T08:58:24Z,3,CurtisKobainowicz,music,2025-05-26T07:06:47.119669Z
mpt7k24,1kb67j3,reddit,That sounds like the perfect age to introduce them to metalacalypse. 🤘🏻😁,2025-04-30T09:18:16Z,3,evilBogie666,music,2025-05-26T07:06:47.119672Z
mptmpah,1kb67j3,reddit,"Royal Blood - Out of the Black

Cake - Sheep Go To Heaven

RHCP - Love Rollercoaster",2025-04-30T11:34:35Z,3,homerj2k,music,2025-05-26T07:06:47.119676Z
mps4148,1kb67j3,reddit,"Badly Drawn Boy - Year of the Rat

Radiohead - Paranoid Android",2025-04-30T03:22:37Z,6,HomerThompson_,music,2025-05-26T07:06:47.119680Z
mpsl4w0,1kb67j3,reddit,Love Rollercoaster - RHCP,2025-04-30T05:31:47Z,6,sumertopp,music,2025-05-26T07:06:47.119685Z
mpsg9ms,1kb67j3,reddit,Cage the Elephant - Aberdeen,2025-04-30T04:51:15Z,2,horderBopper,music,2025-05-26T07:06:47.119689Z
mpsgb15,1kb67j3,reddit,"Kings of Leon Charmer, nice to see a vid where it’s literally just the band playing a dope song",2025-04-30T04:51:33Z,2,horderBopper,music,2025-05-26T07:06:47.119692Z
mpsi22l,1kb67j3,reddit,"""Unleash"" - BAND-MAID",2025-04-30T05:05:28Z,2,Guitar_Mayhem,music,2025-05-26T07:06:47.119696Z
mpsl7ks,1kb67j3,reddit,"""[I Miss You](https://www.youtube.com/watch?v=cTZ7XZIiT7o)"" - Bjork

edit: I did not read the part about it being for 14 month old twins before making my suggestion",2025-04-30T05:32:27Z,2,TotallyHumanPerson,music,2025-05-26T07:06:47.119700Z
mpstcn1,1kb67j3,reddit,Soundgarden - Black Rain and Chvrches - Under the tide. Love them both.,2025-04-30T06:48:10Z,2,SknarfM,music,2025-05-26T07:06:47.119705Z
mpstcsh,1kb67j3,reddit,Chasing birds - foo fighters,2025-04-30T06:48:12Z,2,boyanion,music,2025-05-26T07:06:47.119709Z
mpt02st,1kb67j3,reddit,System of a Down - Genocidal Humanoidz has some cool animated bits,2025-04-30T07:57:17Z,2,Safe-Transition8618,music,2025-05-26T07:06:47.119725Z
mpt2g1j,1kb67j3,reddit,Peter Bjorn & John - Young Folks.,2025-04-30T08:22:44Z,2,Ok-Impress-2222,music,2025-05-26T07:06:47.119729Z
mpt3lpo,1kb67j3,reddit,"Shihad - Alive

Shihad - Song for No One

Ween - Transdermal Celebration

The Mars Volta - televators


Also just search any Linkin Park song along with DBZ AMV haha",2025-04-30T08:35:24Z,2,Derail185,music,2025-05-26T07:06:47.119732Z
mpt6f3r,1kb67j3,reddit,Obituary - Violence,2025-04-30T09:05:54Z,2,MastusAR,music,2025-05-26T07:06:47.119735Z
mpt85m5,1kb67j3,reddit,Sleater-Kinney - A New Wave,2025-04-30T09:24:43Z,2,AntiChangeling,music,2025-05-26T07:06:47.119737Z
mpt9cdn,1kb67j3,reddit,"I've also got twins (19 months old) and they respond really well to the band Shihad. They've only got a couple animated music videos (Alive, Song for No One) plus a few claymation (Dark Times, Yr Head Is A Rock), but they both really like the albums The General Electric, FVEY and Old Gods. One song in particular they seemed to like was [My Mind's Sedate](https://youtu.be/SCsQttPofxA?si=tWMrvM_9O3t949JC). Doesn't have a cartoon video but the girls like to jump around to the audio.

Anyway hope its all going well, twin life is pretty full-on!",2025-04-30T09:37:23Z,2,Derail185,music,2025-05-26T07:06:47.119741Z
mptboq3,1kb67j3,reddit,"Korn - Freak on a Leash

Myles Kennedy - Miss You When You're Gone",2025-04-30T10:01:04Z,2,Aesthete18,music,2025-05-26T07:06:47.119744Z
mptfc3m,1kb67j3,reddit,Paranoid Android - Radiohead,2025-04-30T10:35:32Z,2,jonnyredshorts,music,2025-05-26T07:06:47.119747Z
mptgh9y,1kb67j3,reddit,Paranoid Android. That music video blew my little mind when it came out on MTV,2025-04-30T10:45:36Z,2,cbih,music,2025-05-26T07:06:47.119750Z
mptnc8s,1kb67j3,reddit,Fuck her gently - Tenacious D,2025-04-30T11:39:13Z,2,ads90,music,2025-05-26T07:06:47.119753Z
mptrjs4,1kb67j3,reddit,"The Shins - The Rifle Spiral
The Peach Kings - Mojo Thunder",2025-04-30T12:08:18Z,2,TriceratopsJr,music,2025-05-26T07:06:47.119756Z
mpttk2m,1kb67j3,reddit,The Spirit of Radio – Rush,2025-04-30T12:21:24Z,2,Geetee52,music,2025-05-26T07:06:47.119759Z
mptwrwe,1kb67j3,reddit,Anything by The Gorillaz,2025-04-30T12:41:18Z,2,Bob_the_brewer,music,2025-05-26T07:06:47.119762Z
mpu9ut3,1kb67j3,reddit,Fell in love with a girl - The White Stripes.  Sure it's Lego's but looks like a cartoon.,2025-04-30T13:54:59Z,2,MattMason1703,music,2025-05-26T07:06:47.119765Z
mpubm63,1kb67j3,reddit,Counting Bodies Like Sheep To The Rhythm of the War Drums - A Perfect Circle,2025-04-30T14:04:13Z,2,DaftFunky,music,2025-05-26T07:06:47.119769Z
mpsh5sh,1kb67j3,reddit,"Crazy Train Ozzy Osbourne

My wife isn't into hard rock, but this simple but cute animation drew her in long enough to appreciate Ozzy

[https://www.youtube.com/watch?v=tMDFv5m18Pw](https://www.youtube.com/watch?v=tMDFv5m18Pw)",2025-04-30T04:58:16Z,2,R-T-R,music,2025-05-26T07:06:47.119772Z
mps11a0,1kb67j3,reddit,Oh. Do NOT show A7X's A Little Piece of Heaven ,2025-04-30T03:03:19Z,2,Dangerous_Prize_4545,music,2025-05-26T07:06:47.119775Z
mpsc2bt,1kb67j3,reddit,Portishead - The Rip,2025-04-30T04:19:09Z,2,GlassSmokke,music,2025-05-26T07:06:47.119778Z
mpsfnfv,1kb67j3,reddit,Definitely not Heavy Metal the movie,2025-04-30T04:46:30Z,2,mourninshift,music,2025-05-26T07:06:47.119781Z
mprz24p,1kb67j3,reddit,Codename: Kids Next Door had an episode featuring Gwar.,2025-04-30T02:51:00Z,1,TheUnknown285,music,2025-05-26T07:06:47.119784Z
mprzn7n,1kb67j3,reddit,Alter Bridge: Cry of Achilles,2025-04-30T02:54:37Z,1,I_Am_No_One_123,music,2025-05-26T07:06:47.119787Z
mps01jl,1kb67j3,reddit,[https://www.youtube.com/watch?v=zHDLUbssMIw](https://www.youtube.com/watch?v=zHDLUbssMIw),2025-04-30T02:57:06Z,1,ChainLC,music,2025-05-26T07:06:47.119790Z
mps3ece,1kb67j3,reddit,"erm, Iron Maiden - writing on the wall :D",2025-04-30T03:18:28Z,1,I-RON-MAIDEN,music,2025-05-26T07:06:47.119793Z
mpshnla,1kb67j3,reddit,B.E.R - The Night Begins to Shine,2025-04-30T05:02:13Z,1,backdoorpapabear,music,2025-05-26T07:06:47.119797Z
mpsjtdo,1kb67j3,reddit,On you Mark - Chage and Aska,2025-04-30T05:20:17Z,1,Sarcarean,music,2025-05-26T07:06:47.119800Z
mpsjxcx,1kb67j3,reddit,Don't Answer Me - The Alan Parsons Project.,2025-04-30T05:21:13Z,1,OkNectarine3105,music,2025-05-26T07:06:47.119803Z
mpskczz,1kb67j3,reddit,"Walking through that door by Future Islands

All Your Light by Portugal.the Man",2025-04-30T05:25:00Z,1,NintendoCerealBox,music,2025-05-26T07:06:47.119806Z
mpsmkzz,1kb67j3,reddit,"[neon genesis evangelion intro](https://youtu.be/fShlVhCfHig)

[psychic graveyard- your smile is a hoax](https://youtu.be/VrQ7FqVQyOE)",2025-04-30T05:44:33Z,1,aluminumnek,music,2025-05-26T07:06:47.119818Z
mpsmmrn,1kb67j3,reddit,"Chad VanGaalen is criminally underrated in so many ways! He actually creates the art and music for his videos certainly some immense talent! 

 'Peace On The Rise' is a personal favorite.

Also check the Artist Fever The Ghost, they showcase some amazing art by Felix Colgrave, super trippy animation!",2025-04-30T05:44:59Z,1,Vibingkoala90,music,2025-05-26T07:06:47.119821Z
mpsmtbp,1kb67j3,reddit,The YouTube videos for All Time Low's entire Don't Panic album are set to silly animated godzilla-type monster attacks.,2025-04-30T05:46:36Z,1,murshawursha,music,2025-05-26T07:06:47.119824Z
mpsnupf,1kb67j3,reddit,Testament- Children of the Next Level. (Halebop),2025-04-30T05:55:59Z,1,DukeNeverwinter,music,2025-05-26T07:06:47.119827Z
mpsrjsv,1kb67j3,reddit,Wilco and Popeye - dawned on me. Cute video featuring a baby.,2025-04-30T06:30:40Z,1,dominotic,music,2025-05-26T07:06:47.119829Z
mpstlxz,1kb67j3,reddit,"Red Fang - Not for you


https://youtu.be/mAwp-oLxReE?si=oa4La_ZuXQwoUyJk",2025-04-30T06:50:42Z,1,Krampsport,music,2025-05-26T07:06:47.119832Z
mpsuqqo,1kb67j3,reddit,Eep op ork ah ah.,2025-04-30T07:01:45Z,1,WrongEinstein,music,2025-05-26T07:06:47.119836Z
mpsv7fh,1kb67j3,reddit,"Idles - Never fight a man with a perm


https://youtu.be/dEe4i2osF5A?si=5f1g93tskQ1W8ebd ",2025-04-30T07:06:23Z,1,Mutants_In_The_Ruins,music,2025-05-26T07:06:47.119839Z
mpsy9ef,1kb67j3,reddit,Transdermal Celebration - Ween. Not for children.,2025-04-30T07:38:03Z,1,Figgywithit,music,2025-05-26T07:06:47.119842Z
mpt0l3h,1kb67j3,reddit,"Paula Abdul's only hit has an awesome cat video, and same year Rolling Stones also did an animated video cat. Meow!",2025-04-30T08:02:35Z,1,Snoringdragon,music,2025-05-26T07:06:47.119845Z
mpt1hzc,1kb67j3,reddit,"Murder One - Metallica 

Most of Ninja Sex Party music videos",2025-04-30T08:12:22Z,1,I-Am-The-Warlus,music,2025-05-26T07:06:47.119848Z
mpt3cww,1kb67j3,reddit,Lost River - Murder by Death. Epic song and awesome music video,2025-04-30T08:32:44Z,1,No-Foot-2096,music,2025-05-26T07:06:47.119850Z
mpt4w6p,1kb67j3,reddit,"Steven Wilson - The Raven That Refused To Sing

https://youtu.be/n8sLcvWG1M4",2025-04-30T08:49:22Z,1,databeestje,music,2025-05-26T07:06:47.119853Z
mpt6qb0,1kb67j3,reddit,"I think the best song/video that falls under the Rock umbrella would be[ Breaking the Habit by Linkin Park](https://www.youtube.com/watch?v=v2H4l9RpkwM), but it's an awfully heavy video.",2025-04-30T09:09:18Z,1,FajenThygia,music,2025-05-26T07:06:47.119856Z
mpt7wdk,1kb67j3,reddit,"
Aha-take on me

Daft punk- one more time 

Pirates of penzance theatrical movie

Twisted sister 

I don’t know of any rock and rule music cartoons other than the Muppets that have guests, but I think it’s because Rockstars particularly lead singers and lead guitars are vain and wouldn’t be cartoon. However, a lot of the suggestions from the comments are very creative. 

In my experience as a dish jockey for over 30 years for every age at every venue and every occasion, young young children, toddlers or kindergarten like excitement and a lot of visual stimulation, regardless of a cartoon or not 

Psy - Gangnam Style is a very electrifying live entertainer that presents himself to appear to be communicating front and center so they just automatically observe and mimic over and over. It’s pretty interesting.

There are some humorous rock videos from the 90s couple Beastie Boys and Twisted Sister as I mentioned

I’m sure with AI you can now just request it to cartoon any music video on demand?",2025-04-30T09:21:58Z,1,Spinister12,music,2025-05-26T07:06:47.119859Z
mpt8osp,1kb67j3,reddit,Welcome to Hell - black midi,2025-04-30T09:30:25Z,1,Dakotaraptor123,music,2025-05-26T07:06:47.119862Z
mptb5u4,1kb67j3,reddit,Universal Truth - Opeth,2025-04-30T09:55:53Z,1,BlatantlyThrownAway,music,2025-05-26T07:06:47.119865Z
mptcdln,1kb67j3,reddit,Doctor Worm - They Might Be Giants,2025-04-30T10:07:48Z,1,oldtwins,music,2025-05-26T07:06:47.119868Z
mptdyep,1kb67j3,reddit,The melvins were on the cartoon uncle grandpa https://youtu.be/c4WYHbnarXY?si=-uSJen1QV35dZRhZ,2025-04-30T10:22:50Z,1,stigstug,music,2025-05-26T07:06:47.119871Z
mptexmu,1kb67j3,reddit,Foo fighters - chasing birds,2025-04-30T10:31:54Z,1,nicnackso7,music,2025-05-26T07:06:47.119874Z
mpthf98,1kb67j3,reddit,"Not really “rock” per se, but “Ghost of Stephen Foster” by Squirrel Nut Zippers has a great cartoon video",2025-04-30T10:53:36Z,1,mac117,music,2025-05-26T07:06:47.119876Z
mpthvb2,1kb67j3,reddit,"The Darkness - Barbarian      

Comic book style

Excellent wailing",2025-04-30T10:57:11Z,1,lj8460,music,2025-05-26T07:06:47.119879Z
mptirhq,1kb67j3,reddit,"Jabberjaw, by pain
https://youtu.be/MBNkG1XGK1Q?si=UuUPvJCFn1uqbqep",2025-04-30T11:04:25Z,1,tracklesswastes,music,2025-05-26T07:06:47.119882Z
mptithu,1kb67j3,reddit,Three Little Pugs by Green Jello is always fun the the kiddos.,2025-04-30T11:04:52Z,1,TBMachine,music,2025-05-26T07:06:47.119885Z
mptk6i7,1kb67j3,reddit,Transformers the animated movie: ‘instruments of destruction’ …,2025-04-30T11:15:38Z,1,SeasonSolid6471,music,2025-05-26T07:06:47.119888Z
mpto6if,1kb67j3,reddit,Run the Jewels - Oh Mama,2025-04-30T11:45:14Z,1,radtech91,music,2025-05-26T07:06:47.119891Z
mptp90p,1kb67j3,reddit,Disturbed - Land of Confusion https://youtu.be/YV4oYkIeGJc?si=adIzCRGya5_MkNw7,2025-04-30T11:52:44Z,1,MalrykZenden,music,2025-05-26T07:06:47.119894Z
mptrv7p,1kb67j3,reddit,3 little pigs by Green Jelly,2025-04-30T12:10:24Z,1,Trekker71211,music,2025-05-26T07:06:47.119896Z
mpts1ch,1kb67j3,reddit,"[Gunship](https://youtu.be/60ruvzfXQoE?si=w_dZ3-DTHT51xTsU) has a few.

They like claymation?

[Gunship - Tech Noir](https://youtu.be/-nC5TBv3sfU?si=yLEPhZFo8F8zDkTm)

[Hardy - Mockingbird and the Crow](https://youtu.be/vr6JPLNMnyI?si=lKJVQ5FAM2dIUR_R)

Various [Tool](https://youtu.be/CehYA3omb5o?si=0zSsQVCsVO-K2AtM) videos.",2025-04-30T12:11:31Z,1,SmirkingSkull,music,2025-05-26T07:06:47.119899Z
mpts8n0,1kb67j3,reddit,Not a cartoon but Weezer - Keep Fishin' video has the Muppets,2025-04-30T12:12:52Z,1,coke_mover,music,2025-05-26T07:06:47.119902Z
mptyow7,1kb67j3,reddit,"Very Noise - Igorrr

Why? - Devin Townsend",2025-04-30T12:52:37Z,1,powdered_dognut,music,2025-05-26T07:06:47.119905Z
mpu0rp7,1kb67j3,reddit,MGMT's Mother Nature. I like all the cute animals.,2025-04-30T13:04:41Z,1,TheVioletEmpire,music,2025-05-26T07:06:47.119908Z
mpu1x2a,1kb67j3,reddit,"Probably a little intense for 14months, but Royal Blood - Out of the Black has some great animation that feels like old Beavis & Butthead split with live action

https://youtu.be/bSdtvfBQd6c?si=BxHmU5iRpJcmkR3N",2025-04-30T13:11:21Z,1,MaximusJCat,music,2025-05-26T07:06:47.119911Z
mpu3p5a,1kb67j3,reddit,Rock and Rule. Not a music video but contains incredible music and well animated.,2025-04-30T13:21:25Z,1,GravesStone7,music,2025-05-26T07:06:47.119914Z
mpu46je,1kb67j3,reddit,AAAAAAA EEEEE OOOOOO! Killer tofuuuuuu!,2025-04-30T13:24:05Z,1,DSPbuckle,music,2025-05-26T07:06:47.119916Z
mpub5ag,1kb67j3,reddit,[Ghost Town - Shiny Toy Guns](https://youtu.be/xw722dGGvy4?si=9CveutKhXoAsoeqK),2025-04-30T14:01:44Z,1,Heavyspire,music,2025-05-26T07:06:47.119919Z
mpubdp9,1kb67j3,reddit,"Not rock, but my 18 month old daughter goes absolutely wild for ‘The Happy Song’ by Imogen Heap and the video is a really bright colourful stop motion animation. Most interesting is that whilst this is a stupidly happy kids song, it doesn’t immediately make we want to rip my ears off, it’s well produced, has some interesting instrumentation including a very happy clarinet/flute and is actually quite catchy.",2025-04-30T14:02:59Z,1,burnin_up,music,2025-05-26T07:06:47.119922Z
mpuczfg,1kb67j3,reddit,"Psychedelic Porn Crumpets - Lava Lamp Pisco (will be ideal for your 14 month old twins lol)

Gong - How To Stay Alive

The Beatles - Lucy In the Sky With Diamonds

The Ravelles - Psychedelic Movement


Not rock but very good: The Future Sounds Of London - We Have Explosive",2025-04-30T14:11:21Z,1,alibloomdido,music,2025-05-26T07:06:47.119925Z
mpud7jw,1kb67j3,reddit,Freak on a leash,2025-04-30T14:12:31Z,1,Fatbeard2024,music,2025-05-26T07:06:47.119928Z
mpumuq7,1kb67j3,reddit,In the Aeroplane Over the Sea- NMH,2025-04-30T15:00:15Z,1,jlevey2112,music,2025-05-26T07:06:47.119930Z
mpuo4yd,1kb67j3,reddit,Does Three Little Pigs by Green Jello count?,2025-04-30T15:06:34Z,1,I_Am_Robert_Paulson1,music,2025-05-26T07:06:47.119933Z
mpr2jd8,1kb1y43,reddit,Pat Smear is having the time of his life,2025-04-29T23:44:47Z,3,HomeFade,music,2025-05-26T07:06:48.078397Z
mplrncg,1kadihc,reddit,"Incredible song, great film.",2025-04-29T04:02:16Z,3,downwarddawg,music,2025-05-26T07:06:49.409688Z
mpls630,1kadihc,reddit,"Amazing song, often overlooked cause it’s not on a Dylan LP",2025-04-29T04:06:04Z,3,eltedioso,music,2025-05-26T07:06:49.409701Z
mpm2qvo,1kadihc,reddit,I love his mannerisms in this video. He cracks me up.,2025-04-29T05:28:02Z,2,IowaAJS,music,2025-05-26T07:06:49.409709Z
mu1zpe1,1kuje1n,reddit,"The full track is twice as long. Of course, it will forever be famous from its use in the movie *Trainspotting* . A club classic! 🪩",2025-05-24T19:14:43Z,2,theweightofdreams8,music,2025-05-26T07:06:52.994135Z
mtnvnrj,1ksrflv,reddit,Kim Gordon is forever cool,2025-05-22T14:42:16Z,8,Intelligent-Gap-6639,music,2025-05-26T07:06:55.657573Z
mttkqmo,1ksrflv,reddit,"This album is fucking incredible, and her live show blew me away. Insane late career high.",2025-05-23T12:07:19Z,6,FUCKINGmassivebulb,music,2025-05-26T07:06:55.657585Z
mtq85iv,1ksrflv,reddit,I know there is a subset of my generation who really dig their stuff.  I never understood it.  Sonic Youth had like three songs I'd actually listen to more than once.  Give me My Bloody Valentine over Kim and Thurston any day.,2025-05-22T21:30:45Z,-2,Quijanoth,music,2025-05-26T07:06:55.657593Z
mtnc7s9,1kspze0,reddit,"The PBS performance of The Doors in 1969 was recorded during a broadcast of the 'Critique' program, and Jim Morrison's appearance was notable for its rawness amid legal issues following the Miami incident. This performance is considered a significant live document, with some bootlegs capturing the full set, including songs from 'The Soft Parade.'

* [The Doors - Musical Live Performance. New York, 1969 year. PBS ...](https://www.youtube.com/watch?v=ogECY5LG3Yg)
* [The Doors | Madison Square Garden 1969 - MildEquator.com](http://mildequator.com/performancehistory/concertinfo/1969/690124.html)
* [On April 28, 1969, The Doors taped a performance for a New York ...](https://www.reddit.com/r/thedoors/comments/n0eheu/on_april_28_1969_the_doors_taped_a_performance/)

^(This is a bot made by [Critique AI](https://critique-labs.ai). If you want vetted information like this on all content you browse, [download our extension](https://critiquebrowser.app).)",2025-05-22T12:59:24Z,2,critiqueextension,music,2025-05-26T07:06:56.577334Z
mtkxdne,1kseu83,reddit,Great tune,2025-05-22T01:35:26Z,3,Bubbly-Ordinary-1097,music,2025-05-26T07:06:57.602043Z
mtl0th4,1kseu83,reddit,Mother Love Bone does a great cover of that song. If you can find it ❤️🎶,2025-05-22T01:55:22Z,2,SubstantialPay3608,music,2025-05-26T07:06:57.602068Z
mtms85g,1kseu83,reddit,Feral audience.,2025-05-22T10:42:07Z,2,OldLeaky,music,2025-05-26T07:06:57.602082Z
mtlcxsj,1kseu83,reddit,Great song! I don’t think Argent was Prog Rock though.,2025-05-22T03:07:25Z,1,Hungry_Imagination_2,music,2025-05-26T07:06:57.602096Z
mtfw2g2,1krryye,reddit,Can't remember hearing this before - I like it,2025-05-21T08:35:37Z,1,DAD_SONGS_see_bio,music,2025-05-26T07:06:58.831631Z
mthetbc,1krryye,reddit,"This is one of those great, happy, hippy, peace and love songs. Wasn't born in time to live through that era, but fortunately songs like this help us imagine that world ✌️🤟🌼😊",2025-05-21T14:56:15Z,1,Dry-Description-1779,music,2025-05-26T07:06:58.831645Z
msrh9dk,1kon0da,reddit,This is one of their very best pre-Joshua Tree videos! 👍 The whole *The Unforgettable Fire* album is quite wonderful! 🥇,2025-05-17T08:15:21Z,3,theweightofdreams8,music,2025-05-26T07:06:59.751947Z
mstxwvq,1kon0da,reddit,LUV this song. Early 80's U2 is awesome!,2025-05-17T18:21:54Z,1,Hell-will-wait,music,2025-05-26T07:06:59.751961Z
mslefzz,1knvouo,reddit,"I just became aware of her music from the HBO show Olive Kitteridge. I was blown away by her voice, especially on her cover of Magic by Olivia Newton John's Magic (I can't find a studio recording, sadly).",2025-05-16T08:51:49Z,2,lizzie1hoops,music,2025-05-26T07:07:01.389014Z
msm4n2p,1knvouo,reddit,She was a full fledged grown up adult.   Just trying to make a dent trying to get a result,2025-05-16T12:29:08Z,1,bobeeflay,music,2025-05-26T07:07:01.389027Z
ms4l5kz,1klniqd,reddit,Great Song.,2025-05-13T17:39:31Z,1,Romeoxlee,music,2025-05-26T07:07:03.455639Z
ms22mqs,1klgi8v,reddit,Push the volume past 11....such a great tune,2025-05-13T08:12:38Z,3,Titan2k25,music,2025-05-26T07:07:04.771522Z
mrsii28,1kk68mn,reddit,Great band sure hope they don’t put out any wacky album art,2025-05-11T18:51:46Z,3,cyclob_bob,music,2025-05-26T07:07:05.691449Z
mrs8wgq,1kk68mn,reddit,Nice thanks,2025-05-11T17:59:28Z,1,Right-Bread-114,music,2025-05-26T07:07:05.691462Z
mrtqgni,1kk68mn,reddit,Reminds me of vintage bootlleg vinyl.,2025-05-11T23:01:11Z,1,Bob_Spud,music,2025-05-26T07:07:05.691471Z
mrk5ulg,1kis9wz,reddit,"They were both fucking shite, man........'landfill indie' was invented for bands like this.",2025-05-10T08:45:44Z,13,mechanicalabrasion11,music,2025-05-26T07:07:08.607757Z
mrk5vud,1kis9wz,reddit,"“Last great wave” my arse lmao

the kooks have like a couple good songs but they’re no Oasis. I don’t listen to the gallaghers at all these days but there hasn’t been any band that big since they peaked in the 90’s

“Hard Fi”
Who? Lmao",2025-05-10T08:46:05Z,5,shmoilotoiv,music,2025-05-26T07:07:08.607768Z
mrhd0dg,1kis9wz,reddit,"""Guitar Bands""

  
Yes, famously Guitar only appears in ensemble in Rock music.",2025-05-09T20:44:58Z,-7,spinosaurs70,music,2025-05-26T07:07:08.607776Z
mrhgfl3,1kis9wz,reddit,"A decade plus back a girl was stopped in her tracks when I used kook as a ""shoebie""-like insult on some random. She couldn't believe it had another meaning that wasn't racist against Asians, and I couldn't believe it had a different meaning other than a dork or whatever. Seeing OP's post here, reading a band's name The Kooks gives me some closure on the subject. Lol",2025-05-09T21:02:45Z,-13,SecretRoomsOfTokyo,music,2025-05-26T07:07:08.607783Z
mrj27zp,1kis9wz,reddit,Gimme a break…Sam Fender anyone?,2025-05-10T02:56:14Z,-9,skorpyn,music,2025-05-26T07:07:08.607790Z
mragstn,1khu07c,reddit,Incredibly catchy song. Definitely one of my favourites by them,2025-05-08T18:39:34Z,3,i-am-the-walrus789,music,2025-05-26T07:07:12.243241Z
mrbf7nx,1khu07c,reddit,My fave Beatles song forever and ever— and there is some tough competition. Thanks for posting. :),2025-05-08T21:30:40Z,2,spicyinefficency,music,2025-05-26T07:07:12.243253Z
mr5qo6d,1khb2yk,reddit,One of my all-time favorite songs by Jefferson Starship! 🥇 One of the great “guitar hero” songs from that era too! The early Mickey Thomas-era of JS was really good! “Stranger” and “Find Your Way Back” are also really great from that time! 👍,2025-05-07T23:55:52Z,4,theweightofdreams8,music,2025-05-26T07:07:13.370472Z
mr69gh0,1khb2yk,reddit,It will now forever be the Wet Hot American Summer theme to me. ,2025-05-08T01:44:32Z,3,brandnewchair,music,2025-05-26T07:07:13.370484Z
mr90p2o,1khb2yk,reddit,![gif](giphy|dDPawK0cY3em7wECog|downsized),2025-05-08T14:26:42Z,2,P4rtsUnkn0wn,music,2025-05-26T07:07:13.370492Z
mquhk9f,1kfvsao,reddit,"I loved it when *Ultra* came out, and this was the first single! 👍 Both proved that DM was still fine after Alan Wilder left. Great song and album!!🥇",2025-05-06T07:07:05Z,3,theweightofdreams8,music,2025-05-26T07:07:14.293423Z
mqsw6xt,1kfqyx9,reddit,God I hated this song with a passion when it came out.,2025-05-06T00:19:23Z,-1,Matt_Crowley,music,2025-05-26T07:07:15.625048Z
mqsfrd8,1kfp8sp,reddit,That title is serious business.,2025-05-05T22:47:15Z,3,Bynairee,music,2025-05-26T07:07:16.851901Z
mqjzmtp,1ken7n9,reddit,"Best band in the world, full stop. ",2025-05-04T16:03:08Z,2,steveocarr,music,2025-05-26T07:07:18.388591Z
mqd0d7x,1kdlyvs,reddit,Hard to think of another artist whose voice sounds as fresh half a century after the original recording.,2025-05-03T12:31:43Z,3,redeyeflights,music,2025-05-26T07:07:19.310846Z
mqdd162,1kdlyvs,reddit,A song I can never skip,2025-05-03T13:51:45Z,3,samson5351,music,2025-05-26T07:07:19.310859Z
mqbutw6,1kdlyvs,reddit,This recording is from June 2020. Please join r/yusufcatstevens if you're a Cat Stevens fan!,2025-05-03T05:58:05Z,1,No_King_25,music,2025-05-26T07:07:19.310868Z
mq9wm38,1kdcx64,reddit,Such a consistantly quality band. Thanks for sharing <3,2025-05-02T22:08:02Z,3,simagus,music,2025-05-26T07:07:20.232900Z
mq9xfdn,1kdcx64,reddit,Probably my all-time favorite ballad ,2025-05-02T22:12:38Z,2,Schimelfinny,music,2025-05-26T07:07:20.232912Z
mqbeesd,1kdcx64,reddit,I saw them last year and they were amazing. Hearing this song echoing over a live outdoor venue was incredible.,2025-05-03T03:40:12Z,2,DeathByBamboo,music,2025-05-26T07:07:20.232920Z
mqa5mqw,1kdcx64,reddit,"For those unaware, the entire *Rio* album is absolutely amazing.",2025-05-02T22:59:51Z,1,Iron_Chancellor_ND,music,2025-05-26T07:07:20.232928Z
mq9ts5r,1kdcec6,reddit,[deleted],2025-05-02T21:52:23Z,8,N/A,music,2025-05-26T07:07:21.770312Z
mq9vi1p,1kdcec6,reddit,The modern version of this. In the 2010s we would always hang outside as teens and someone would have a portable speaker with them. Whether we were walking in nature or chillin outside at someone’s house. Music was still a social event. Not sure how it is with the 2020s.,2025-05-02T22:01:48Z,3,Any_Kangaroo_1311,music,2025-05-26T07:07:21.770326Z
mqan6hf,1kdcec6,reddit,"I started a little local vinyl club. I encourage everyone to bring a record or two and we collectively get a playlist going. It’s rad to see what music is really meaningful to people, to actively listen as a group, and discuss everything from music to personal history. I’ve started two bands through this process as well. It’s great fun.",2025-05-03T00:43:16Z,3,Sufficient-Owl401,music,2025-05-26T07:07:21.770334Z
mqaoglu,1kdcec6,reddit,"I play in a dad band with my friends. We get together once a week to practice. Sometimes we practice but other times we stand around and drink beer and trade songs all night. 

We all love music and everything about it. We all listen to different shit too. It's a lot of fun.",2025-05-03T00:51:00Z,3,Gonzostewie,music,2025-05-26T07:07:21.770342Z
mq9zas9,1kdcec6,reddit,Yeah I remember traipsing around all my mate's houses (and them in mine) listening to albums. Solid musical education that.,2025-05-02T22:23:18Z,2,SmokyBarnable01,music,2025-05-26T07:07:21.770353Z
mqaluqw,1kdcec6,reddit,"This makes me nostalgic. When I was younger 20 years ago my basement was the hangout place and I'd be psyched to play a new album, or one my buddy picked up for the group. Or we'd go CD shopping and come back to check them out.

Nowadays I'm still exploring albums, more than ever actually, but it is a solo project. My wife puts up with me playing stuff and she enjoys some. At least there's that.",2025-05-03T00:35:17Z,2,7listens,music,2025-05-26T07:07:21.770361Z
mr8ti2l,1kdcec6,reddit,This is how it was in the '80s.  We'd go to friends houses with blank cassettes and hang out listening to records while they dubbed onto the cassette.  I still have a bunch of these cassettes.,2025-05-08T13:49:49Z,2,5centraise,music,2025-05-26T07:07:21.770368Z
mqa8s0h,1kdcec6,reddit,I can remember being 12 years old and getting a copy of Sgt. Pepper's Lonely Hearts Club Band when it first came out. I had a bunch of kids over to my house to listen and blew their minds.,2025-05-02T23:17:45Z,1,Free-Isopod-4788,music,2025-05-26T07:07:21.770376Z
mpyd4de,1kby704,reddit,"https://youtu.be/MRhpwOCJBrc?si=HrKsZjavXVRdJWuK

TLDR: nearly every 80s dance song is about the gay/outsider experience but masked with hetero pronouns",2025-05-01T02:35:29Z,52,Anarude,music,2025-05-26T07:07:22.798808Z
mpyd65r,1kby704,reddit,Isn't it a low-key gay anthem?,2025-05-01T02:35:47Z,23,LJMLogan,music,2025-05-26T07:07:22.798818Z
mpyz5eo,1kby704,reddit,I still think of it as that Listerine commercial,2025-05-01T05:10:36Z,22,CheekyMonkE,music,2025-05-26T07:07:22.798825Z
mpyd9kh,1kby704,reddit,Jack Perry,2025-05-01T02:36:22Z,33,zappafrank2112,music,2025-05-26T07:07:22.798832Z
mpyz6av,1kby704,reddit,It’s Italo-disco. Most of those lyrics don’t actually make sense in English,2025-05-01T05:10:49Z,16,eltedioso,music,2025-05-26T07:07:22.798838Z
mpyd8yt,1kby704,reddit,"They probably built the entire song around the chorus chant, so they just chose some lyrics to complete it.",2025-05-01T02:36:16Z,9,VampireHunterAlex,music,2025-05-26T07:07:22.798845Z
mpzdly0,1kby704,reddit,..,2025-05-01T07:29:50Z,8,Far_Revolution7215,music,2025-05-26T07:07:22.798851Z
mpzwabc,1kby704,reddit,I swear this song was in a trailer for one of the ninja turtles movies.,2025-05-01T10:44:00Z,5,thisdopeknows423,music,2025-05-26T07:07:22.798858Z
mpyh9rr,1kby704,reddit,"I love this song.  Always have, always will.",2025-05-01T03:01:28Z,3,TitsMcGhee99,music,2025-05-26T07:07:22.798865Z
mpye2mc,1kby704,reddit,"It’s about time we got to the bottom of this, it’s haunted me for 40 years",2025-05-01T02:41:22Z,3,getsome75,music,2025-05-26T07:07:22.798871Z
mpzb6xs,1kby704,reddit,Finding some lovin in the bushes.,2025-05-01T07:04:25Z,3,Bigowl,music,2025-05-26T07:07:22.798878Z
mpysy8k,1kby704,reddit,"Little known fact: The original lyrics were about being a contestant on “Wheel of Fortune”, back when each round ended with the Gallery of Prizes. The first version of the chorus was:

>Vanna White / Gimme the oven / Gimme the oven

Baltimora feared that Vanna would be Benirschke’d by the time the song came out, so they went with the relatively benign lyrics about coming out in the 80’s. At least that’s how I pretend to remember it. :)",2025-05-01T04:23:01Z,7,TapDancingBat,music,2025-05-26T07:07:22.798884Z
mpyi8tc,1kby704,reddit,"Thank you so much for bringing this up.  My mom had this album, and every person I've spoken to about this song has claimed to not have any idea of its existence.",2025-05-01T03:07:48Z,2,arleban,music,2025-05-26T07:07:22.798890Z
mq05f95,1kby704,reddit,"Watch Todd in the shadows recent one hit wonder video on it! 
Goes in to detail of the song, great video!",2025-05-01T11:55:07Z,2,Pearlylola,music,2025-05-26T07:07:22.798897Z
mq23a1n,1kby704,reddit,"If you want further confirmation of your suspicions about the song, the album it's on is called ""Living in the Background""",2025-05-01T18:01:15Z,1,lolstfudad,music,2025-05-26T07:07:22.798903Z
mq0ojfl,1kby704,reddit,Ear torture,2025-05-01T13:52:05Z,-2,MrPanchole,music,2025-05-26T07:07:22.798909Z
mpgjeh8,1k9pbv9,reddit,"You just described Pink Floyd to me. 

High Hopes, Echoes, Shine on you crazy diamond, the entire Dark side…",2025-04-28T10:12:48Z,3,N/A,music,2025-05-26T07:07:27.582372Z
mpg42nl,1k9pbv9,reddit,"""We Played Some Open Chords And Rejoiced"" by A Winged Victory For The Sullen. There's a grace about it, it feels like home.",2025-04-28T07:27:17Z,2,Logical_Bat_7244,music,2025-05-26T07:07:27.582377Z
mpgd2lx,1k9pbv9,reddit,Green - Tycho,2025-04-28T09:06:03Z,2,BlueCanyons,music,2025-05-26T07:07:27.582379Z
mpghi9t,1k9pbv9,reddit,"There are a few songs that I used to go to sleep to every night during a bit of a rough life patch.  Whenever I hear them now, 15-20 years later, I get a weird kind of muscular calmness. 

Apex Twin - Rhubarb (#3) 

Stars of the Lid - Articulate Silences Pt 2

Encircling Sea - Ecru",2025-04-28T09:53:36Z,2,backsideslappy,music,2025-05-26T07:07:27.582382Z
mpgihc2,1k9pbv9,reddit,"Sometimes - Nick Lutsko
Just listen to it, and you'll understand why I chose this song.",2025-04-28T10:03:28Z,2,DrakonEcho,music,2025-05-26T07:07:27.582384Z
mpg4py9,1k9pbv9,reddit,Dirty Imbecile by the Happy Fits. I just love indie pop. I first listened to it when I was 16 and it really hit.,2025-04-28T07:34:22Z,1,c4bbage_,music,2025-05-26T07:07:27.582386Z
mpg99kp,1k9pbv9,reddit,Beach House - Days of Candy,2025-04-28T08:23:54Z,1,sparkle_starr,music,2025-05-26T07:07:27.582389Z
mpgbul0,1k9pbv9,reddit,The last one I feel like this is Vessel's Red Sex,2025-04-28T08:52:29Z,1,Johns666x,music,2025-05-26T07:07:27.582391Z
mpgl086,1k9pbv9,reddit,Alessandro Stefana's 'Out of the Blue'. Takes me to a space that is so calming and peaceful. Gorgeous piece.,2025-04-28T10:28:15Z,1,Melonmacaha,music,2025-05-26T07:07:27.582393Z
mpgs290,1k9pbv9,reddit,So we won’t forget by Khruangbin is a wave of calm for me,2025-04-28T11:28:45Z,1,Top_Ad_9704,music,2025-05-26T07:07:27.582395Z
mpgtxdz,1k9pbv9,reddit,Had this when I finally revisited my Rush collection. It had been too long since I last listened to them.,2025-04-28T11:43:06Z,1,TFFPrisoner,music,2025-05-26T07:07:27.582397Z
mpgvrv6,1k9pbv9,reddit,"At the River by Groove Armada - instantly connects me to the beach, nature, simplicity. Like grounding meditation in aural bliss - it's a goodie!",2025-04-28T11:56:38Z,1,Exmachinal,music,2025-05-26T07:07:27.582399Z
mpgytjx,1k9pbv9,reddit,That’s what Steve Taylor’s Harder To Believe Than Not To kind of is for me.,2025-04-28T12:18:11Z,1,WeirdAlness,music,2025-05-26T07:07:27.582402Z
mpgzl25,1k9pbv9,reddit,"No.  I get distracted by music and can't not engage with what I am hearing.  It's complicated, but emotional impact takes a backseat to unravelling the conversation.  ",2025-04-28T12:23:23Z,1,GSilky,music,2025-05-26T07:07:27.582404Z
mph350y,1k9pbv9,reddit,"Ride or die from Marino.

This made me ascend",2025-04-28T12:46:42Z,1,Quarter_Mask,music,2025-05-26T07:07:27.582406Z
mphpwwk,1k9pbv9,reddit,Nude by Radiohead,2025-04-28T14:54:15Z,1,Majestic_Date9049,music,2025-05-26T07:07:27.582408Z
mphxaq5,1k9pbv9,reddit,"Dreaming of You and I Could Fall in Love by Selena. 

![gif](giphy|uLMuTUI8IHghW)",2025-04-28T15:31:32Z,1,dianaplldress291,music,2025-05-26T07:07:27.582411Z
mphzwdq,1k9pbv9,reddit,Battle Cries by The Amazing Devil,2025-04-28T15:44:22Z,1,mrblinders,music,2025-05-26T07:07:27.582413Z
mpi1mlz,1k9pbv9,reddit,Clair de Lune,2025-04-28T15:52:53Z,1,Opierue,music,2025-05-26T07:07:27.582416Z
mpilfdc,1k9pbv9,reddit,"when i first heard Cowboy Chords by Frank Turner, it made me instantly feel at ease

Safe by All Time Low will also never fail to give me peace",2025-04-28T17:29:50Z,1,flickering_nights,music,2025-05-26T07:07:27.582418Z
mpimcbj,1k9pbv9,reddit,Aphex twin- rubarb. Every time,2025-04-28T17:34:15Z,1,Key_Leg9565,music,2025-05-26T07:07:27.582420Z
mpiry58,1k9pbv9,reddit,"I had just learned about “Supper’s Ready” by Genesis a month or two ago. Listened to it on the way to work one morning and thought “wow, that was good, I see why people were talking it up.” Didn’t listen to it again for a while, and then when I did, it was the only thing I wanted to do. I spent several hours listening to it over a few day stretch, including 5 times in one day which is about 2 hours of listening.",2025-04-28T18:01:06Z,1,BigFatPH0NY,music,2025-05-26T07:07:27.582422Z
mpjjzqc,1k9pbv9,reddit,"Snow by red hot chilli peppers, lean wit me by juice wrld & glycerine by bush",2025-04-28T20:21:46Z,1,DivideInMyMind,music,2025-05-26T07:07:27.582425Z
mpjw68n,1k9pbv9,reddit,Beach house - any album - my fav album is 7,2025-04-28T21:23:37Z,1,stupidpill,music,2025-05-26T07:07:27.582427Z
mpk5o6e,1k9pbv9,reddit,"OKRA - CHRONIC CITY


https://youtu.be/SYRSW9c-trc?si=kkyPU3VD3jjRamvo",2025-04-28T22:16:51Z,1,ConfusionUnusual3144,music,2025-05-26T07:07:27.582429Z
mpl6uoy,1k9pbv9,reddit,Near Death Experience by Windows96,2025-04-29T01:52:03Z,1,Fit-Sky8030,music,2025-05-26T07:07:27.582431Z
mqb93s6,1k9pbv9,reddit,Prelude (extended mix) by Above and Beyond,2025-05-03T03:02:34Z,1,NajiKuumii,music,2025-05-26T07:07:27.582433Z
mpg4d1w,1k9pbv9,reddit,"Yes, I’ve definitely felt dat before. For me, it’s usually the slower, more atmospheric tracks—like something instrumental or ambient that just melts away all the noise of life. One song that hits me like that is Weightless by Marconi Union. It’s like the world just slows down, and everything fades away. It creates this feeling of total peace. There’s something about music that can carry you to that place of calm and pure euphoria. Wbu? What’s the song dat does that for u?",2025-04-28T07:30:25Z,1,abogaaa,music,2025-05-26T07:07:27.582435Z
mp9hx9x,1k8vk9r,reddit,"Ripped all 3000+ CDs and vinyl onto my laptop, and sync it with my phone. 90% of what I listen to is my own ripped stuff; the rest is Spotify for albums I don’t own in any form. 

Still have a CD/DVD/Blu-Ray player, VCR, cassette deck, turntable, etc. 

I don’t care about algorithms and discovery.",2025-04-27T04:29:35Z,13,nrith,music,2025-05-26T07:07:28.634550Z
mp9hsqc,1k8vk9r,reddit,I have an SD card full of music in my phone.,2025-04-27T04:28:35Z,4,Yangervis,music,2025-05-26T07:07:28.634562Z
mp9nej3,1k8vk9r,reddit,Through my phone. All my CDs are ripped to FLAC and they are stored on an SD card in my phone.,2025-04-27T05:15:42Z,5,Martipar,music,2025-05-26T07:07:28.634569Z
mp9s04t,1k8vk9r,reddit,"Cassette. My truck has a cassette player, so I play my music on the go on cassette.",2025-04-27T05:57:57Z,5,Cold_Promise_8884,music,2025-05-26T07:07:28.634576Z
mpbchli,1k8vk9r,reddit,"I hire a mariachi band to follow me everywhere. No need to have a wireless connection, absolutely zero compression or interference, doesn't take up space in my phone's memory, never have to log in to an app or relearn the UI after an update. If you aren't listening to live music are you even really listening to music?",2025-04-27T14:09:51Z,5,Mohavor,music,2025-05-26T07:07:28.634583Z
mp9sy1a,1k8vk9r,reddit,"My vehicle has a cd player, and that's how I roll 😎 when I'm at home it's usually Alexa when I wanna here something special or from an era it's usually the 70's but I'll listen to most anything except country or opera, I prefer blues over jazz. Love punk, grunge, metal oldies, it's all good depending on my mood 😉",2025-04-27T06:07:00Z,3,One_Bet_7351,music,2025-05-26T07:07:28.634591Z
mpatp75,1k8vk9r,reddit,"I just have file sharing enabled with my music folder (over 1TB of music) and a VPN to my home network, and just load anything I want effectively over the VPN and play directly on my phone...

I do have a selection on my phone too for if I forget to leave computer on or no signal etc :)",2025-04-27T12:07:21Z,3,Ghozer,music,2025-05-26T07:07:28.634598Z
mp9harh,1k8vk9r,reddit,"iBasso Dx180. 

r/DigitalAudioPlayer is the best for this advice",2025-04-27T04:24:33Z,2,martymcpieface,music,2025-05-26T07:07:28.634605Z
mp9i3xg,1k8vk9r,reddit,I just bounce between free and very cheap deals on different streaming services. When one expires I bounce to the current best deal.,2025-04-27T04:30:58Z,2,Ok-Metal-4719,music,2025-05-26T07:07:28.634612Z
mpa89ds,1k8vk9r,reddit,"I now have an older phone where I can add more physical memory by a micro SD card.

I ripped all my cds, stuck lyrics on them as well, and copy the songs to three places. Computer server, external hard drive, and my phone. 

All serve as backups to each other.  Handy when a lightning strike took out my server and external drive. Replaced them and copied the songs from my phone to the replacement devices. 

Sadly, newer phones don't provide micro-sd anymore. I got another year or so before I think what to do next for a phone.",2025-04-27T08:42:02Z,2,Pitiful-Asparagus940,music,2025-05-26T07:07:28.634619Z
mpasx7a,1k8vk9r,reddit,I'm using an offline mp3 player with a generous SD card. Quite happy with that.,2025-04-27T12:01:20Z,2,jack9556,music,2025-05-26T07:07:28.634626Z
mpbh3y5,1k8vk9r,reddit,"Most of my music collection has been converted to digital, so I use a portable device & load what currently interests me. One of our vehicles will only read mp3 format via usb, so I use Bluetooth for flac listening while mobile. 

I do not stream audio from external/subscription services, due to the preference of owning the media and using it as I choose.",2025-04-27T14:35:25Z,2,NotSnakePliskin,music,2025-05-26T07:07:28.634633Z
mp9hbjf,1k8vk9r,reddit,Apple Music for normal stuff and Plex for everything else,2025-04-27T04:24:44Z,1,AnalogWalrus,music,2025-05-26T07:07:28.634640Z
mp9hms2,1k8vk9r,reddit,"I get o YouTube on Google chrome. If you’re an Apple user, delete the YouTube app. Get on Google chrome and search YouTube and boom no ads. I music surf algorithm is on point, at least speaking for myself. (I’m pretty basic)",2025-04-27T04:27:14Z,1,PracticalPlay7553,music,2025-05-26T07:07:28.634648Z
mp9jorp,1k8vk9r,reddit,YouTube music in my car via Bluetooth. 7 days a week.,2025-04-27T04:43:46Z,1,RandomBloke2021,music,2025-05-26T07:07:28.634655Z
mp9yfh3,1k8vk9r,reddit,"Plexamp and the Pass all the way. The only bummer is that Plexamp itself does not show lyrics, the Plex app does however. Turn off Smart Shuffle on your server settings",2025-04-27T07:01:02Z,1,Strawbuddy,music,2025-05-26T07:07:28.634663Z
mpaofu5,1k8vk9r,reddit,"I really really enjoy YouTube music. The interface is a bit wonky compared to Spotify but the fact it has almost everything including live performances and actual user playlists. My wife also left Spotify after the 5th song that she could not listen to. 

If you engage with it doing likes and dislikes it does cater to my b side weird music tastes. is it perfect? No. Is the sound quality always the best? Definitely not do we usually find a new song or band weekly using the discover new? Yes. And that's my favorite part it will show me that weird Australian punk band that is some what related to the weird Austrian metal band I liked.",2025-04-27T11:24:33Z,1,Smashinbunnies,music,2025-05-26T07:07:28.634670Z
mpb05ud,1k8vk9r,reddit,"Ive got 7 of them, 4 with modded drives. About 5 years ago, you could grab a used one on eBay for $20 if you got lucky. I still feel bad about the mint 40 gig 5th gen I bought for $35. I’ve had a clickwheel iPod in my vehicle since 2004. Every car stereo I buy must have an aux jack.",2025-04-27T12:53:35Z,1,Evelyn-Bankhead,music,2025-05-26T07:07:28.634677Z
mpbsgc5,1k8vk9r,reddit,Jellyfin server with the Symphonium app on my mobile devices connected via Wireguard.,2025-04-27T15:35:18Z,1,Razorhoof78,music,2025-05-26T07:07:28.634685Z
mpc88db,1k8vk9r,reddit,"Definitely iPod all the way! I own all my music and take my entire library with me everywhere I go. I’m just sad Apple stopped making them. Mine needs a new battery, which would cost $100+, so I’m nursing it as long as possible. ",2025-04-27T16:56:47Z,1,Freet0beyouandme1,music,2025-05-26T07:07:28.634692Z
mpca0wk,1k8vk9r,reddit,I add songs to my iPhone music library,2025-04-27T17:05:45Z,1,MelissaRose95,music,2025-05-26T07:07:28.634700Z
mpdfcg5,1k8vk9r,reddit,"I use my iPod Touch, I have the last gen before it was discontinued. As for music, I just buy it online, although I do have a few albums that I've physically bought or my friend has that I've ripped onto iTunes.",2025-04-27T20:36:22Z,1,benito_camelas,music,2025-05-26T07:07:28.634707Z
mpdnjxs,1k8vk9r,reddit,"I have 24k files on a pc. I use MusicBee as a desktop player, Media Monkey (windows) to sync files and Playlists to my android (Media Monkey). It syncs great. I always have music on my phone, after 4 hours of playing my battery is down 10%. I control what I listen to / No Ads!!",2025-04-27T21:18:37Z,1,lewsnutz,music,2025-05-26T07:07:28.634714Z
mpfgvg5,1k8vk9r,reddit,"MediaMonkey will change your life, I swear",2025-04-28T03:56:11Z,1,STVRCHLDOfficial,music,2025-05-26T07:07:28.634729Z
mphxvwy,1k8vk9r,reddit,Tidal + Solitaire T,2025-04-28T15:34:28Z,1,Proper-Television758,music,2025-05-26T07:07:28.634737Z
mp9nn7s,1k8vk9r,reddit,">Distracting to listen to music in the same ecosystem as social media 

You mean on the same device? If I've got headphones in listening to music/podcast or driving around there's no reason to turn the phone screen on. Why would I want a second device for that?",2025-04-27T05:17:51Z,0,fuzzy11287,music,2025-05-26T07:07:28.634744Z
mtoc3ad,1ksu86e,reddit,Yes.,2025-05-22T16:01:23Z,2,5839023904,music,2025-05-26T07:07:30.471501Z
mtogd56,1ksu86e,reddit,"Cannot say enough good things about Heavy Metal! As corny as it sounds, it helped a lot during a dark time. Now I get to remind myself daily that I’m NOT a $0 man lol",2025-05-22T16:22:23Z,2,Wild_Confection_1363,music,2025-05-26T07:07:30.471512Z
mtovdoe,1ksu86e,reddit,"Loved 3D Country, didn't know he released a solo album. I just read the story of how he recorded it, that's wild, I wonder if that's actually true. Really liking the album so far regardless",2025-05-22T17:33:42Z,2,bobsmith93,music,2025-05-26T07:07:30.471521Z
mtzqr1d,1ksu86e,reddit,Seeing him next month at Bonnaroo in their new 360 sound stage. Really pumped for that. ,2025-05-24T11:31:59Z,2,thegroovemonkey,music,2025-05-26T07:07:30.471529Z
mtymvl9,1ksu86e,reddit,Man I've been loving this album. Thanks for the notification of its existence,2025-05-24T05:04:52Z,1,bobsmith93,music,2025-05-26T07:07:30.471536Z
mt8qxrm,1kqvzwg,reddit,"It takes 40 seconds for the song to really get going, but it’s worth the wait! 👍 This song and “Born Slippy” are my favorites of theirs.",2025-05-20T04:14:01Z,3,theweightofdreams8,music,2025-05-26T07:07:31.392751Z
msv3hwu,1kp46qp,reddit,Absolute legend,2025-05-17T22:16:49Z,5,schmeoin,music,2025-05-26T07:07:35.420088Z
msvcdzy,1kp46qp,reddit,I love the pairing such an authentic old school technique with an electro beat.,2025-05-17T23:10:42Z,4,spinosaurs70,music,2025-05-26T07:07:35.420100Z
msxoxkd,1kp46qp,reddit,"I was never a big fan of the song, but I have a new respect for him.",2025-05-18T10:54:50Z,2,Wotmate01,music,2025-05-26T07:07:35.420108Z
msvjtz1,1kowmm9,reddit,"Amazing song, amazing album. Eno's early non-ambient work is seriously underrated.",2025-05-17T23:55:57Z,2,CoelhoAssassino666,music,2025-05-26T07:07:36.413323Z
ms83sok,1km1v4r,reddit,Babytron’s biological father,2025-05-14T05:46:10Z,1,Vaultyvlad,music,2025-05-26T07:07:39.281043Z
mrrp95o,1kk36jz,reddit,"I had a devil of a time tracking down this CD in the late 80s, but I’ve listened to it so many times.",2025-05-11T16:16:12Z,3,chdude3,music,2025-05-26T07:07:41.988565Z
mrgea20,1kio1u6,reddit, One of my all time favourite songs.,2025-05-09T17:47:33Z,2,blackmoose,music,2025-05-26T07:07:42.966183Z
mrdm27o,1ki6n56,reddit,"Lindsey’s first big solo hit! 🥇 I had forgotten that Mick Fleetwood appeared in the video! 😄 (His solo songs generally don’t sound a lot like Fleetwood Mac; however, this one does - in particular, it reminds me a bit of FM’s “Sara” (which is unexpected because that is one of Stevie Nicks’ songs ).)",2025-05-09T06:18:22Z,3,theweightofdreams8,music,2025-05-26T07:07:44.236777Z
mr9ohb2,1khu1q7,reddit,Absolutely love this band. One of the better live shows at my local ~50 cap venue as well.,2025-05-08T16:22:56Z,3,bunnyrabbit2,music,2025-05-26T07:07:45.126346Z
mrajkqc,1khu1q7,reddit,Pkew Pkew Pkew deserve more attention. Love their song [Pkew Pkew Pkew - Asshole Pandemic](https://www.youtube.com/watch?v=nJHaGjqtuMo&list=OLAK5uy_ljW7qD8fx0Q0MPShoFXZI3hXolPhbN3m4&index=2),2025-05-08T18:53:06Z,4,Chronicbias,music,2025-05-26T07:07:45.126359Z
mr9orsm,1khu1q7,reddit,This is incredible haha,2025-05-08T16:24:22Z,3,WeekendWarior,music,2025-05-26T07:07:45.126367Z
mr400zt,1kh4twg,reddit,"Guys, I’m starting to think this final show of his might be a bad idea.",2025-05-07T18:35:33Z,69,bemzilla,music,2025-05-26T07:07:46.864392Z
mr42x23,1kh4twg,reddit,"Every new bit of information about Ozzy’s health makes this show sound worse and worse.

It’s a good thing they have such an insane line up of bands",2025-05-07T18:49:28Z,20,JimFlamesWeTrust,music,2025-05-26T07:07:46.864843Z
mr5n4oy,1kh4twg,reddit,"at this rate i think there's two options for how this final show's gonna go:

1) he dies onstage

2) this has all been a concerted effort to set expectations as low as humanly possible, but he's actually fine and he's going to put on the show of a lifetime",2025-05-07T23:35:40Z,8,chantrykomori,music,2025-05-26T07:07:46.864851Z
mr45pfg,1kh4twg,reddit,That's a weird way to describe sharon,2025-05-07T19:02:49Z,13,ForestDiver87,music,2025-05-26T07:07:46.864858Z
mr8ta2w,1kh4twg,reddit,"""As for their very real feud with Sharon Osbourne, ICP say she still hasn’t paid them the $50,000 owed on a lost bet. Osbourne bet the duo that their next album, Bizzar / Bizaar, wouldn’t sell 200,000 copies and would cause ICP to get dropped by Island Records.

“She lost that bet super hard,” Violent J tells us. “That record went gold. She, without question, owes us that money. We said, ‘You ain’t gotta pay us. Just pay it to a charity in our name.’ Because if it would’ve went the other way around, I bet you they would’ve been calling us out saying when are we gonna pay?”

“What do you expect from someone who’s a liar anyhow?” Shaggy adds.



Read More: Insane Clown Posse: Sharon Osbourne Still Owes Us $50,000 | https://loudwire.com/insane-clown-posse-sharon-osbourne-slipknot-howard-stern/?utm_source=tsmclip&utm_medium=referral""

Man if ICP thinks you're a scumbag lol ..",2025-05-08T13:48:37Z,4,ForestDiver87,music,2025-05-26T07:07:46.864865Z
mr41h4p,1kh4twg,reddit,"How is Sharon gonna get her bag Ozzwald? Maybe he should suck it up for the 50th final tour, he's only got 30 more years of this",2025-05-07T18:42:33Z,3,Theskullingtons,music,2025-05-26T07:07:46.864872Z
mr44c45,1kh4twg,reddit,"Been there, done that",2025-05-07T18:56:15Z,1,togocann49,music,2025-05-26T07:07:46.864880Z
mr4vyfu,1kh4twg,reddit,It’s time to change the date,2025-05-07T21:08:23Z,1,Chocolat-Pralin,music,2025-05-26T07:07:46.864887Z
mr5oond,1kh4twg,reddit,"I hate to say it, but it'd be a hell of a funeral, too.",2025-05-07T23:44:30Z,1,M-S-S,music,2025-05-26T07:07:46.864894Z
mr8tyhw,1kh4twg,reddit,Years of heroin will do that…,2025-05-08T13:52:13Z,1,Longjumping-Still883,music,2025-05-26T07:07:46.864900Z
mrh4tku,1kh4twg,reddit,They saw what happened to Michael Jackson and are still going through with this. Hope the money is worth it.,2025-05-09T20:03:01Z,1,mr_mufuka,music,2025-05-26T07:07:46.864907Z
mrn3tmb,1kh4twg,reddit,I'd be happy with an ozzy hologram performing songs from throughout his career with ozz sitting there watching.,2025-05-10T20:13:27Z,1,SeanOfTheDead1313,music,2025-05-26T07:07:46.864915Z
mqc35ab,1kdmqp5,reddit,I don’t know why they’re my favorite band. They just are. Not one of my favorite songs though. Mustache Man is a great song.,2025-05-03T07:20:08Z,3,ouijahead,music,2025-05-26T07:07:47.743525Z
mqc4pqz,1kdmqp5,reddit,Frank Sinatra for the win,2025-05-03T07:36:24Z,3,MrDLLMCH,music,2025-05-26T07:07:47.743539Z
mqbetyq,1kdjbz3,reddit,"Goudreau clearly lacks peace of mind. Scholz should’ve warned him, don’t look back. Amirite",2025-05-03T03:43:16Z,1,N/A,music,2025-05-26T07:07:49.004670Z
mqaf3vc,1kdf16h,reddit,Those two made so much great music together.  It's too bad they absolutely hate each other now.,2025-05-02T23:54:19Z,2,KapahuluBiz,music,2025-05-26T07:07:49.942009Z
mqaju3r,1kdf16h,reddit,"""Let's call the album 'Abandoned Luncheonette,"" and it'll have a photo of an abandoned luncheonette on it."" 

\- Oates, probably.",2025-05-03T00:23:03Z,2,redeyeflights,music,2025-05-26T07:07:49.942021Z
mq23yue,1kcf5oi,reddit,"Man, I listened to this album so much in the early 2000s. I feel like Talib Kweli doesn’t get enough respect these days.",2025-05-01T18:04:38Z,3,ndg127,music,2025-05-26T07:07:50.844783Z
mq2yo75,1kcf5oi,reddit,"One of my favorite hip hop albums of all time, super underrated. A late friend put me on to it and the song memories live usually makes me cry",2025-05-01T20:33:55Z,2,CarlySortof,music,2025-05-26T07:07:50.844801Z
mpt41eh,1kbblzw,reddit,"It's Walpurgs Night / beltane!

Let's start the dancing!",2025-04-30T08:40:09Z,1,FrankHarwald,music,2025-05-26T07:07:53.031702Z
mu1hzmt,1ku7nq7,reddit,I love this song,2025-05-24T17:38:19Z,2,Faropopo1234,music,2025-05-26T07:07:54.945511Z
mu1v68y,1ku7nq7,reddit,🔥🔥👍🏼,2025-05-24T18:49:25Z,2,Mostafa_zareii,music,2025-05-26T07:07:54.945524Z
mtrcsgj,1kt7f6y,reddit,">As the Stones terminated their contract with Decca, an executive reminded them that they still had to deliver one further single. The Stones duly obliged presenting them with the master tape of *Cocksucker Blues*. It was the Stones’ last two-finger salute to the record company who, through the years, continually censored album covers and products alike.",2025-05-23T01:24:06Z,3,N/A,music,2025-05-26T07:07:57.608199Z
mtcce12,1krc4jz,reddit,"It is a slower, sadder album by the band, but it's one of my favorites.",2025-05-20T18:49:10Z,5,Legitimate_Error_550,music,2025-05-26T07:07:58.532058Z
mtbrsk5,1kr53v1,reddit,Fuck yeah,2025-05-20T17:10:26Z,3,xI_AM_AFRICAx,music,2025-05-26T07:07:59.415462Z
mscsonz,1kmscee,reddit,This is one of my favorites.,2025-05-14T22:58:38Z,2,musicantz,music,2025-05-26T07:08:01.294830Z
msco0ub,1kmscee,reddit,Please find the version done by Goose the band.,2025-05-14T22:32:15Z,0,Barstoolrob710,music,2025-05-26T07:08:01.294843Z
ms6bpig,1klz1do,reddit,Never seen them live,2025-05-13T22:51:59Z,1,musichelper,music,2025-05-26T07:08:02.731666Z
ms71q2q,1klz1do,reddit,"It always surprises me how gay the 80s were. I love this performance, have seen it several times.",2025-05-14T01:23:44Z,1,MrEnvelope93,music,2025-05-26T07:08:02.731683Z
ms0o1zv,1kl23s8,reddit,"So basically the defense is admitting that the defendant physically beats the fucking crap out of people as their method of getting a not guilty verdict when the defendant is being charged with a non violent crime, so now at this point am I seriously the only one who is seriously freaked the fuck out by the fact that this exact defense has actually worked a creepy huge amount of times in American jury trials?? It probably won't work here, but the fact that Diddy's attorneys just did it is still fucking creepy",2025-05-13T01:39:31Z,7,i_Am_A_Lab_Rat,music,2025-05-26T07:08:04.367047Z
mrzal7i,1kl23s8,reddit,"It's the part where he sells content made from the lives of people they don't pay, and the part where the people get harassed by others into silence. The part where those people do not own their own lives and fractionalized into destitution and the part where people's lives are operated as businesses and sold to people who force them into abusive positioning under threat as a condition of life. They are trafficking millions of people. ",2025-05-12T21:03:08Z,3,Alimayu,music,2025-05-26T07:08:04.367060Z
ms1ffhh,1kl23s8,reddit,"Those two things don’t correlate anyway. That’s like I say “No no sir, my shit talking with racial slurs is not insider trading.” What a dodge.",2025-05-13T04:37:19Z,2,VinylmationDude,music,2025-05-26T07:08:04.367069Z
mrxkd0e,1kkrjlb,reddit,Great cover of the Queen original! 👍 It was originally a b-side on the “Sin” single.,2025-05-12T15:56:03Z,5,theweightofdreams8,music,2025-05-26T07:08:05.390397Z
mrr4j9b,1kjn9l0,reddit,"Hey, girlfriiiiieeeends! I got a proposition for you!!!!!!",2025-05-11T14:25:11Z,1,bananafanafosho,music,2025-05-26T07:08:06.310947Z
mrreowg,1kjn9l0,reddit,That looks like it says The Punk Ginger.,2025-05-11T15:19:52Z,1,krectus,music,2025-05-26T07:08:06.310959Z
mrw98wr,1kjn9l0,reddit,Kathleen Hanna is God,2025-05-12T11:24:08Z,1,superjaywars,music,2025-05-26T07:08:06.310967Z
mrgp0by,1kipnct,reddit,"David Sylvian was one of my high school crushes, and I learned to play bass following along with Mick Karn, I was an odd kid.",2025-05-09T18:41:33Z,5,Hasanopinion100,music,2025-05-26T07:08:09.180408Z
mr7wt27,1khlqfa,reddit,Nice,2025-05-08T10:07:00Z,2,JPrime45,music,2025-05-26T07:08:11.842702Z
mrb7tew,1khlqfa,reddit,Still one of their better songs imo,2025-05-08T20:52:34Z,1,labria86,music,2025-05-26T07:08:11.842714Z
mr8f2wq,1khfp1x,reddit,"# Department of Justice and FTC Launch Inquiry Into Event Ticketing Business...again. FTFY

#",2025-05-08T12:25:56Z,2,slickmitch,music,2025-05-26T07:08:12.763421Z
mqn5hks,1kf0yi5,reddit,"Posting this because Soundgarden was recently inducted into the Rock and Roll Hall of Fame.

They’re my favorite band ever. It hurts that Chris isn’t with us anymore.

This is one of their most energetic live performances.",2025-05-05T02:27:47Z,2,QuantaviousTheWise,music,2025-05-26T07:08:15.325142Z
mqjxf43,1kecfe2,reddit,"I grew up during this era and was a fan of the genre, but in hindsight the fact that nü-metal got as popular as it did to the point where it was regularly featured on TRL is really something. Heavy music in general rarely gets that kind of commercial exposure these days. 

Also this song being nearly 30 years old exasperates my developing back pain.",2025-05-04T15:51:41Z,6,Ucw2thebone,music,2025-05-26T07:08:17.678321Z
mqj6cr3,1kecfe2,reddit,A young Marshall Mathers at the very end of the video appears!,2025-05-04T13:24:31Z,3,BrownHawkDown,music,2025-05-26T07:08:17.678333Z
mqea6vz,1kdwkkh,reddit,Love Hum !,2025-05-03T16:48:17Z,3,always_evolved,music,2025-05-26T07:08:18.803539Z
